start	end	text
0	7080	Auch in Chase starte am 20. November 1820 im Südpatzifig in ein riesiges, nabiges Auge, das
7080	12980	aus der Finstern ist aufdhauchte. Zwei Ramstösitzer Schmetten die S6 und Liesen 12 Männer
12980	20320	durch Hunger und Cannibalismus sterben. Der finanzielle Verlust überstieg 30.000 Dollar. Warum
20320	24880	enderte das Tier genau dann seine Richtung, als die Mannschaft ein bestimmtes Werkzeug
24880	30860	benutzte. Die Antwort liegt in der Physik. Unter der Wasseroberfläche schwitte ein
30860	37460	Tonnenschwerer, Pechschwarzerblock, Regungslos wie ein Fes. Weißen haben übersetten die Haut.
38480	44840	Dieses Tier war kein friedlicher Rese. Er reparierte gerade ein beschädigtes Beibot als er den
44840	51540	Schatten im Wasser bemerkte. Es war ein Bolle, geschätzte 26 Meter lang, fast doppelt so groß
51540	57140	wie die üblichen Tiere dieser Region. Er lag still an der Oberfläche, den Kopf direkt
57140	63560	auf das Schiff gerichtet. Chase beschrieb später, wie das Tiermehrerinmaletifterschadmete als
63560	71920	würde es sich vorbereiten. Dann setzt er sich in Bewegung. Die Geschwindigkeit betrug etwa
71920	79580	24 km pro Stunde. Für ein Tier dieser Masse ist das eine enorme Kinetik. Der erste
79580	85160	Aufprall ließ das gesamte Holzgerüst der Essex erbieben. Männer wurden von den Beinen
85160	91460	gerissen, Vorrette stürzten durch einander. Der Waldhauchte unter dem Kiel hindurch, drehte
91460	97580	in weitem Bogen um und Positionierte sich für den zweiten Stos. Es war kein Wildes um sich
97580	104860	schlagen. Es war eine kalkulierte Zerstörung. Der zweite Treffer ist den Bugförmlich
104860	111540	auf. Das Wasserströnte so schnell hinein, dass die Besatzung kaum Zeit hatte, die Navigations
111540	118880	Instrumente und ein paar Pfund schiffs wie wegzureten. Was diesen Vorfall so unheimlich
118880	125260	macht, ist die Anatomie des Angreifers. Ein Portwahl besitzt ein Organ namens Schmermerziti
125260	131260	im Kopf, das mit flüssigem Wachs gefüllt ist. Dieses Organ ist extrem empfindlich.
133140	138380	Dieses Organ nimmt fast ein Drittel der gesamten Körperlinge ein und macht den Portwahl zum
138380	144340	Tier mit dem größten Gehirn, das jemals auf der Erde existierte. Es handelt sich um einen
144340	150340	massiven Behälter aus Fibrüsenbinde gewiebe, gefüllt mit einer Substanz, die bei Körpertemperatur
150340	156540	flüssig und klar wie Bergkristall ist. Sobald dieses Wachs abkühlt, wandelt es sich in
156540	162620	dem Milchige, feste Masse um. Der Wahlkontrolliert diesen Aggregatzustand aktiv durch die
162620	166540	Durchblutung der Nasengänge, die das Organ wie Kühlröten durchziehen.
167840	172640	Jahrzehntelang hielt sich in der Meeresbiologie die Überzeugung, diese Verwandlung dienen
172640	175060	ausschließlich der Regulierung des Auftriebs.
176180	182180	Markenkrag stellte 1970 die Hypothese auf, der Wahlköne durch das Verfestigen des Wachs
182180	187320	ein spezifisches Gewicht zur Präzise anpassen, dass er ohne jede Muskelanstrengung
187320	193840	in 2000 Metantifisch wehben kann. Doch diese Theorie hat eine physikalische Schwachstelle,
194160	199400	die das Bild des sanften Riesen in ein völlig neues Licht rückt, die Energie, die der Körper
199400	204560	aufwenden müsste, um drei Tonnenwachs in Kotzerzeit zu schmelzen, übersteigt die
204560	207180	Stoffwechselkapazität des Tieres bei weitem.
208700	215420	Die eigentliche Funktion des Organes ist weit aus spezialisierter und gefährlicher. Das
215420	221960	Spamaziti-Organ arbeitet als biologische Hochleistungslinse für Scheilwellen. Am vorderen Ende
221960	227880	des Schädels sitzen die sogenannten Affenlippen, ein muskuläres Ventil, das Luftwibrationen
227880	234520	erzeugt. Diese Scheilwellen wandern jedoch nicht direkt nach vorne aus dem Kopf heraus. Sie
234520	238280	werden nach hinten geschossen, tief in das Interät des Schädels hinein.
239860	245060	Dort treffen sie auf den Distalen Luftsack, eine Struktur, die wie ein perfekter Parabol-Spiegel
245060	250720	aus Fleisch und Luft funktioniert. Dieser Spiegel reflektiert den Scheil und schickt ihn mit
250720	256380	gewündelter Kraft zurück durch die drei Tonnenwachs. Das Organ fokussiert die Energie zu einem
256380	261700	strahl, der so präzise ist, dass der Wahl ein Ziel in vollkommener Finstern ist auf Kilometer
261700	267860	Weite Entfernung detektieren kann. Werkel M.H.L. von der Universität Orhus dokumentierte
267860	275940	2.000 drei Kliklaute mit einer Lautstärke von 206 und 30 Dezibel. Zum Vergleich, ein Scheildruck
275940	283100	von 150 Dezibel reicht aus, um das menschliche Trommelfell sofort zu zerfetzen. Die Energie
283100	288520	eines Portwahlklicks ist stark genug, um die Zerstruktur kleinere Organismen zu erschüttern.
290280	295320	Hier verschiebt sich die Rolle des Organz von einem Navigationsinstrument hin zu einer
295320	301260	balistischen Waffe. Kenneth Norris formulierte die Begbänge Portese, nach der der Wahl seine
301260	307740	Beute durch reine Schallenergiebuchstäblich länd. Ein Riesenkalmar, der von diesem Akustissen
307740	312820	Hammer getroffen wird, verliert die Kontrolle über seinen Nervensystem, noch bevor der Wahl
312820	318780	in Füße berührt. Doch es gibt einen Vorfall, der zeigt, dass der Kopf noch zu einer
318780	325580	ganz anderen Form der Gewaltfähig ist. Im Jahr 1820 Rante ein Portwahl das Wahlfangschiff
325580	331520	Essex mit einer solchen Bucht, dass das 200 Tonnen schwere Häuschiff sank. Simulation
331520	338160	in von David Carrier an der University of Utah bestätigten 2002, dass das Spamaziti organ und
338160	344120	aus darunterliegende Junggewiebe wie ein hydraulischer Stoß dem Verwirten. Die interne Struktur
344120	349000	verteilt die Lust eines Aufpreis so effizient, dass der Wahl seinen eigenen Schädel als
349000	355100	Rambog einsetzen kann, ohne das empfindliche Gehirn zu verletzen. Diese Entdeckung macht den
355100	360420	Portwahl zum einzigen Raubtier der Welt, dass seinen Kopf als kinetische Waffe gegen Objekte
360420	366560	einsetzt, die zehnmal so groß sind wie er selbst. Die Frage ist jedoch, was passiert,
366560	371900	wenn dieser Rambog in der Tiefe auf einen Gegner trifft, der nicht fliegt, sondern sich
371900	379320	wert. Der Ozean verschluckt in 3 Kilometern Tiefe jedes Foton Licht, dass die Oberfläche
379320	385580	berührt. Hier unten ist der Portwahl kein behäbigeriese, sondern ein taktischer Jäger in
385580	392320	einem Krieg, der seit Millionen von Jahren ohne Zeugen toppt. Wenn ein Bulle abtaucht, verlangsant
392320	397340	er seinen Herzschlag auf wenige Schläge pro Minute, um den Saustoff in seinen Muskeln
397340	405240	zu konservieren. Er sucht nach Sternarchiteutes Dux Stern, dem Riesenkalmar. Die Beweise für
405240	411320	diese Zusammenstöße sind in die Haut fast jedes älteren Portwahlskraviert. Weiße, Kreis
411320	415800	vermigen Abend über ziehen die Milone und die Flanken, hinterlassen von den gezanten
415800	421860	Saupnepfen der Kalmarre. Einige diese Abdrücke haben einen Durchmesser von 10 Zentimetern,
421860	427820	was aufgegner hindeutet, die über 10 Meter lang sind. In der Magendegend gestrandeter
427820	432980	Wale finden biologen oftausende von unverdaulichend hinten für Schnäbeln, die wie schwarze
432980	440020	Papag ein Schnäble aus dem Gewieberagen. Es ist ein Massemot im Verborgenen. Ein einzelner
440020	445740	Portwahl vertilgt pro Tag etwa eine Tonne biomasse, was bedeutet, dass jedes Jahr Millionen
445740	452680	von Kalmargen in diesen Schlünden verschwinden. In dieser absoluten Finsternis ist das
452680	460160	Augewertlos. Der Wahl sieht mit Schall. Er sendet Klicks aus, die so laut sind wie ein Düsseldschedd
460160	467500	beim Staat etwa 230 DZB. Diese Schallwellen durchdringen das Fleisch des Kalmas und werfen
467500	473480	ein Ecker zurück, dass den Wahl ein 3D-Mensionales Bild der Beute liefert. Lange Zeit
473480	478200	glaubte man, der Wahl würde den Kalmar einfach mit einem massiven Schallstoß betäuben,
478580	484480	bevor er ihn verschlingt. Doch die Forschung von Dr. Peter Mazzen von der Universität
484480	491800	Orhus im Jahr 2002 stelte diese Theorie infrage. Er bewies, dass die Klicks zwar extrem
491800	497740	laut sind, aber nicht ausreichen, um ein Tier von der Größe eines Kalmas physisch auszuschalten.
498420	502720	Der Kampf ist also kein Hinrichten, sondern ein echtes Ringen.
505080	510880	Hier bricht das Bild des überliegenden Jägers jedoch zusammen. Im Jahr 2004 gelang ist
510880	516080	dem japanischen Forscher zunehmico-Bodeere erstmals, einen liebenden Riesenkaltma in seinen
516080	521340	natürlichen Umgebung zu fotografieren, und was er sah, enderte die Perspektive auf diesen
521340	528120	Kradikal. Der Kalmar war kein Trägesweichtier, das darauf wartete, gefressen zu werden.
529280	534780	Er war aggressiv. Er attacierte den Kürder mit einer Geschwindigkeit und Präzision,
535100	542100	die Biologenschokierte. Späterewidioaufnahmen zeigten, das Kalmare über Bioluministsens
542100	548400	verfügen. Sie können Lichtblitze erzeugen, um ihre Angreifer zu verwern oder zu blenden.
549180	554100	Der Portwahl muss in der Tiefe also gegen einen Feindkämpfen, der seine eigenen
554100	560300	Sinne manipulieren kann. Wenn der Waldin Kalmar mit seinem Schmeinen unterkieferpakt, schlingt
560300	566380	dieser seine acht Arme und zweitentagel um den Kopf des Säugetiers. Die gezackten Ringe
566380	571420	in den Saupnepfen boren sich tief in den Speck, während der Kalmar versucht, mit seinem
572020	578020	Schnabelfleischdöcke aus dem Wald zu reißen. Der Energieaufwand für diesen Kampf
578020	584940	ist gigantisch. Ein Portwahl hat nur ein Begrenzteszeitfenster von etwa 5 und 40 bis 90
584940	591300	Minuten, bevor er zum Atmen auftauchen muss. Jede Sekunde, die er mit einem wirhaften
591300	597680	Kalmarinnt, verbraucht kostbares Hemoglobin. Es ist ein Rennen gegen die eigene Erstückung.
598720	603040	Wenn der Wald verliert, liegt das meisten nicht an den Verletzungen durch den Kalmar,
603040	608920	sondern an der Zeit. Die Nadenangkopf des Weiß erzählen die Geschichte von Fluchten
608920	614260	in letzter Sekunde, bei denen der Kalmar sich losreißen konnte, in dem Erhaut und Fleisch
614260	620700	Opferte. Es gibt berichte Überportwahl, deren Kiefer durch die Schiere kraft der Tentagel
620700	626920	deformiert wurden. In dieser Tiefe ist nicht sicher, und der Jäger kann schnell zum Verfolgten
626920	632780	werden, wenn sein Körper unter dem enormen Druck von 300 Ba und dem Saustoffmal kapituliert.
633740	638600	Die Naden sind jedoch nur die oberflächliche Spur einer viel tiefergehenden anatomischen
638600	644580	Anpassung. Um in dieser feindlichen Umgebung überhaupt man übrierfähig zu bleiben, hat
644580	649580	der Portwahl ein Organ entwickelt, dass die Wissenschaft bis heute vorreziell stellt und
649580	652320	dessen Fahrer Zweck weit über die Aktien ausgeht.
654460	660140	Dieses Organ, das ein Drittel der gesamten Körperlänge ein nimmt, ist eine biologische Hochleistungs
660140	663200	separatur, die in der Natur keinen Vergleich findet.
664320	669600	Im Inneren des massiven Schädels liegt der Spamaziti-Complex, ein System aus zwei über
669600	674040	ein an der liebenden Kammern, die mit bis zu zwei Tonnenflüssigen wachs gefüllt sind.
675060	679520	Wenn der Portwahl einen Laut erzeugt, geschieht die es nicht durch Stimmbänder, sondern
679520	684600	durch die sogenannten phonischen Litenamforderen Ende der Nase, die als Mousseau-Dysinge
684600	686400	oder Affenmofl bekannt sind.
687220	692980	Luft wird durch diese fleischigen Strukturen gepresst, wodurch ein extrem kurzer, scharfer
692980	693920	Klick entsteht.
695020	699780	Dieser Schallimpuls wandert jedoch nicht direkt ins Meer, sondern rasz zunächst durch das
699780	704880	Spamaziti-Organ nach hinten, breit dort gegen den Luftgefüllten Sack vor dem Konkaren
704880	708460	schädelt nochen und wird wie von einem Parabol-Spiegel reflektiert.
709520	713780	Erst dann wird der Schall durch die darunterliegenden Fettpolster, den so genannten
713780	718620	Jugend, gebündelt und mit einer Wucht in das Wasser abgegeben, die jedes menschliche
718620	720600	Gehör Augenblicklich zerstören würde.
722740	728880	Der Biologi-Bertel M-H-L dokumentierte im Jahr 2003 Schalldrücke von bis zu 236
728880	730180	und 30D-Zibel.
731340	737540	Zum Vergleich, ein Düsenjet beim Start erreicht etwa 140D-Zibel und die Schmerzgrenze des
737540	739380	Menschen liegt bei 133.
740280	746260	Da die Dzi-Belskala-Logerritmisch verläuft, ist der Klick eines Portweils Milliardenfach intensiver
746260	750880	als das lauteste Geräusch, das ein Mensch ohne bleidende Schädenatragen kann.
751820	756960	Die Energie ist so gewaltig, dass sie ausreicht, um die Beute nicht nur zu orten, sondern
756960	758200	physisch zu erschüttern.
759400	764740	Taucher, die das Glück oder das Pech hatten, direkt im Schallkegel eines Klickenden Portweils
764740	769260	zu schwimmen, berichten von einer Hitzeentwicklung im Körper- und Liberationen.
769380	773460	Die sich anfühlen, als würde das Gelett im eigenen Fleisch erzittern.
774600	779840	Ein einziger fokussierter Klick aus nächster Nähe könnte theoretisch ein menschliches Trommelfeld
779840	782900	platzen lassen oder die inneren Organe massiv schädigen.
785080	789880	Doch hier stößt die Wissenschaft auf einen Widerspruch, der die Theorie der reinen Jagdwafe
789880	790740	infrage stellt.
791860	796640	Wenn der Portweil über eine der azerstörerische Schallkanone verfügt, warum zeigen
796640	802360	Videoaufnahmen von Jagdzzenen in der Tiefsee oft tintenfische, die trotz direkter Beschallung
802360	804720	keine Leileimmungserscheinungen aufweisen?
805840	811340	Piedel Teierk von der University of Saint Andrews Beobachtete, das Portwale bei der Anhährung
811340	816480	an ihre Beute auf die Intensität ihrer Klicks reduzieren, anstaat sie zu maximieren.
817680	822440	wäre der Schall eine Reine Waffe, müsste der Wahl jedes Mal mit voller Kraft feiern, um den
822440	824580	Fluchtreflex der Kalmarre zu unterbinden.
825720	830800	Stattdessen nutzen sie hochfrequente Kriegs, eine schnelle Abfolge von Klicks, die er
830800	833940	einem Präzisionsradargleichen als einen Betäubungsschlag.
834900	839600	Das wirft die Frage auf, ob wir die wahre Gefahr dieses Tieres an der falschen Stelle suchen.
840680	846440	Die Schallkanone ist vielleicht gar nicht dazu da, um zu töten, sondern um eine Form der Kommunikation
846440	851820	zu ermöglichen, die übertausende von Kilometer hinweg funktioniert und Informationen überträgt,
851820	855020	die unser Verständnis von Sprache weit übersteigen.
856340	862440	Jede Gruppe von Portwahlen nutzt spezifische Klickmuster, so genannte Kultas, die wie ein kultureller
862440	868120	Fingerabdruck von Gian und eine soziale Struktur offenbaren, die so komplex ist, dass sie
868120	872260	eine völlig neue Perspektive auf das Bewusstsein dieser giganten Erzwingt.
874600	879760	Patrick Miller startet im Jahr 2008 von der Reling seines Forschungsschiffes vor der Küste
879760	885140	Nordschilis auf ein Feldauschwarzen, Regungslosen sollen, die senkrecht im Wasser hingen.
886340	892100	Es gab kein Kilwasser, keine Atem von Tenen und kein Anzeichen von Leben an der Oberfläche,
892440	897420	nur diese massive, zylindrischen Körper, die wie die Pfeile einer versunkenen Kathedrale
897420	899100	in der Strömung standen.
900000	905080	Die Biologen der University of Saint Andrews nähten sich bis auf wenige Meter, doch die
905340	910360	ganzen Röten sich nicht, gefangen in einer Stare, die jedem Gesetz der marinen Säuget
910360	912560	herkunde zu wie der sprechen schien.
913720	918900	Bis zu diesem Moment galt die Eiserneregel, das wale niemals vollständig schlafen dürfen,
919200	922820	da sie sonst Ertrinken oder den Kontakt zur Gruppe verlieren würden.
923860	928480	Der finisch alten Abwech sind einige hierinhefte aus, während die andere das Schwimmen
928480	930000	und Atmen koordiniert.
930920	935940	Der Portwahl hingegen bricht mit dieser biologischen Notwendigkeit und wählt die totale
935940	938040	Bewusstlosigkeit in der verticalen.
940320	944880	Die Forschungsgruppe dokumentierte, dass die Tiere erst reagierten, als der Bug
944880	947300	des Botes einen der bollen Füßisch berührte.
948440	953520	In diesem Moment erwachte die gesamte Gruppe Simultan aus einer tiefen Paralyse und verschwand
953520	954800	lautlos in der Tiefe.
955760	960760	Diese Entdeckung entlaft der eine weit verbreitete Philaname, Portwahl sind keine
960760	966300	rastlosen Wanderer, die niemals rohen, sondern sie sind die radikalsten Schleffer des Ozeans.
967460	973060	Eine Langzeitstudie aus dem Jahr 2017 unterstrich die absurdität dieses Verhaltens mit
973060	974040	einer Hartenzeil.
975220	980300	Portwahl verbringen lediglich 7,1 % ihrer Lebenszeit im Schlafzustand.
981220	986200	Das ist der niedrigste Gemessene wert für jedes Bekannte-Säugetier auf diesem Planeten.
987200	992380	Ein Mensch wurde unter solchen Bedingungen innerhalb weniger Tage einen psychotischen Zusammenbruch
992380	997940	erleiden, doch das 8 Kilogramm schwerige hier in das Portwahls, das größte Nervenzentrum der
997940	1004340	Evolutionsgeschichte operiert in kurzen, hocheffizienten Interwahlen von nur 10 bis 15 Minuten.
1006100	1011440	Doch diese Stille der senkrechten Wächter wirkt eine tütliche Gefahr, die den bisherigen
1011440	1015860	Status des Portwals als unantastbare Apex-Predator infrage stellt.
1016980	1022220	Während sie in dieser Stare driften, schalten sie ihr wichtigstes Werkzeug ab, das Echolot.
1023320	1028460	Ein Tier, das seine gesamte Umwelt durch Schalvisualisiert, ist in diesem Momenten blind
1028460	1030600	und Taup für herannahende Bedrohungen.
1031760	1037260	Es existieren Aufnahmen von Orka-Verbenden, die genau diese Schwächephase ausnutzen, um die
1037260	1040920	Werlosen Kälber aus der Mitte der schlafenen Formation zu isolieren.
1042120	1045640	Der Portwahlzeit für seine tiefen Ruhe fassen einen Preis in Blut.
1046620	1052160	Die Evolution hat hier ein bizarres Risiko akzeptiert, die Notwendigkeit, das gewaltige
1052160	1057200	hier ein abzuckeln und neuronelle Abfälle zu entsorgen, wiegt schwerer als der Schutzvorfress
1057200	1057600	fanden.
1058800	1063280	Wenn sie schließlich aus dieser Tranzer wachen, tun sie dies nicht zur Erholung, sondern
1063280	1068400	um sich auf eine physische Belastung vorzubereiten, die jedes andere Liebewesen zerquetschen
1068400	1068760	würde.
1069960	1075240	Die senkrechte Ruhe ist lediglich die letzte Vorbereitung auf den Sturzflug in eine Zone,
1075440	1079120	in der die Regeln des Lichts und des Sao-Stoffs endgültig enden.
1079740	1085460	Dort unten wartet eine Dunkelheit, die nicht nur leer ist, sondern von einem Gegenspieler
1085460	1090280	bewohnt wird, dessen Existenz wir nur durch die Naben auf der Haut der Wale beweisen können.
1092600	1097640	Diese Kreisförmigen Male der Riesenkalmarre verblassen neben den linjaren Vochen, die von
1097640	1098620	Menschen handstammen.
1099760	1105800	In den Museumskellern von New Bedford und Nantukettlageren Lobbücher aus dem 19. Jahrhundert, die
1105800	1110500	eine radikale Verhaltensänderung dokumentieren, die Biologen heute als beweis für
1110500	1112260	eine globale Tierkultur werden.
1113420	1120860	Der Meeressbiologe Herr Whitehead analysierte 2021 die Aufzeichnungen von Weilfängern in Nordpazifik
1120860	1123300	und stieß auf eine statistische Anomalie.
1125020	1131060	Innerhalb von nur zwei Jahrzehnten sankt die Erfolgsquote der Haponire um 8 und 50 Prozent.
1131840	1134920	Die Wale hatten nicht einfach nur Angst, sie hatten gelernt.
1135800	1142440	Sie entwickelten Strategien, schwamen gegen den Wind, um den Segelschiffen zu entkommen, oder kommunizierten
1142440	1147740	die Gefahr über hundertte Kilometer hinweg anartgenossen, die noch nie ein Schiff gesehen hatten.
1148880	1154840	Diese Weitergabe von Informationen geschieht in sozialen Verbänden, den so genannten Klanz, die
1154840	1157340	durch spezifische Klickmuster definiert sind.
1159520	1164440	Diese Kotar sind mehr als nur identifikation signale, sie sind die die Erleckte einer
1164440	1167880	spezibilisation, die wir gerade erst zu begreifen beginnen.
1169020	1174320	Jeder Klan besteht aus tausenden Individuen, die eine gemeinsame Etikette und Tradition
1174320	1179920	teilen, wobei sie sich stricktweigern, mit Mitgliedern anderer Klanz zu interagieren, selbst
1179920	1182100	wenn sich ihre Jagdgründe überschneiden.
1183320	1189240	Schäen Gerro, der Jahre lang die Familienverbände vor Dominikabeobachtete, Städte fest, dass
1189240	1194560	diese sozialen Strukturen auf einem Tiefen, Generationsübergreifenden Gedächtnis basieren.
1195760	1198900	Doch hier bricht das Bild des friedlichen Riesen in sich zusammen.
1200140	1206780	Im Jahr 1851 ramte ein Potwahl das Fangschiff an Alexander mit einer Präzision, die über
1206780	1209440	einen bloßen Verteidigungsinstintin ausgehen.
1210340	1215260	Das Tiervisierte gezielt den Rumpf unterhalb der Wasserlinieher an und versenkte das Schiff
1215260	1216600	innerhalb weniger Minuten.
1217560	1223500	Es war kein isolierter Vorfall, sondern der Höhepunkt einer Ehrer, in der Wale lernten, dass
1223500	1227080	die beste Verteidigung die totale Zerstörung des Angreifers ist.
1229400	1231880	Die Kosten dieses Konflikts waren asymetrisch.
1233040	1239420	Während die Wahlfängerunderte Schiffe verloren, wurden Schätzungsweise 360.000 Potwale allein im
1239420	1241040	19. Jahrhundert getötet.
